{
  "project_info": {
    "project_number": "676723514697",
    "project_id": "proyectocazarpatos-a4c08",
    "storage_bucket": "proyectocazarpatos-a4c08.firebasestorage.app"
  },
  "client": [
    {
      "client_info": {
        "mobilesdk_app_id": "1:676723514697:android:c9b7ea0bee3a2b3f92ce98",
        "android_client_info": {
          "package_name": "com.velasco.eliath.cazarpatos"
        }
      },
      "oauth_client": [],
      "api_key": [
        {
          "current_key": "AIzaSyCRDET-cCTTgfmcWXf4ItXCFOFmnPaYz9g"
        }
      ],
      "services": {
        "appinvite_service": {
          "other_platform_oauth_client": []
        }
      }
    }
  ],
  "configuration_version": "1"
}